<annotation>
	<folder>original-images</folder>
	<filename>3.jpg</filename>
	<path>/Users/Bckenstler/Documents/repos/Hey-Waldo/original-images/3.jpg</path>
	<source>
		<database>Unknown</database>
	</source>
	<size>
		<width>2048</width>
		<height>1346</height>
		<depth>3</depth>
	</size>
	<segmented>0</segmented>
	<object>
		<name>waldo</name>
		<pose>Unspecified</pose>
		<truncated>0</truncated>
		<difficult>0</difficult>
		<bndbox>
			<xmin>1390</xmin>
			<ymin>463</ymin>
			<xmax>1422</xmax>
			<ymax>500</ymax>
		</bndbox>
	</object>
</annotation>
