<annotation>
	<folder>original-images</folder>
	<filename>7.jpg</filename>
	<path>/Users/Bckenstler/Documents/repos/Hey-Waldo/original-images/7.jpg</path>
	<source>
		<database>Unknown</database>
	</source>
	<size>
		<width>1949</width>
		<height>1419</height>
		<depth>3</depth>
	</size>
	<segmented>0</segmented>
	<object>
		<name>waldo</name>
		<pose>Unspecified</pose>
		<truncated>0</truncated>
		<difficult>0</difficult>
		<bndbox>
			<xmin>817</xmin>
			<ymin>951</ymin>
			<xmax>852</xmax>
			<ymax>999</ymax>
		</bndbox>
	</object>
</annotation>
